<keymap version="1" name="Mac OS X 10.5+ copy" parent="Mac OS X 10.5+">
  <action id="ActivateBuildToolWindow">
    <keyboard-shortcut first-keystroke="meta 3" />
  </action>
  <action id="ActivateFavoritesToolWindow" />
  <action id="ActivateFindToolWindow" />
  <action id="ActivateLogcatToolWindow">
    <keyboard-shortcut first-keystroke="meta 6" />
  </action>
  <action id="ActivateProblemsViewToolWindow" />
  <action id="ActivateTerminalToolWindow">
    <keyboard-shortcut first-keystroke="meta 2" />
  </action>
  <action id="Back">
    <keyboard-shortcut first-keystroke="meta open_bracket" />
    <keyboard-shortcut first-keystroke="meta alt left" />
    <mouse-shortcut keystroke="button4" />
    <keyboard-shortcut first-keystroke="ctrl q" />
  </action>
  <action id="ChangesView.GroupBy.Directory" />
  <action id="CloseAllEditors">
    <keyboard-shortcut first-keystroke="shift meta w" />
  </action>
  <action id="Compare.SameVersion">
    <keyboard-shortcut first-keystroke="meta i" />
  </action>
  <action id="Debugger.AddToWatch">
    <keyboard-shortcut first-keystroke="meta l" />
  </action>
  <action id="Diff.NextChange">
    <keyboard-shortcut first-keystroke="shift meta close_bracket" />
  </action>
  <action id="Diff.PrevChange">
    <keyboard-shortcut first-keystroke="shift meta open_bracket" />
  </action>
  <action id="DuplicatesForm.SendToRight" />
  <action id="EditorCreateRectangularSelectionOnMouseDrag">
    <mouse-shortcut keystroke="alt button1" />
  </action>
  <action id="EditorPasteFromX11" />
  <action id="EditorSelectWord">
    <keyboard-shortcut first-keystroke="alt up" />
    <keyboard-shortcut first-keystroke="alt w" />
  </action>
  <action id="ExpandAllToLevel1">
    <keyboard-shortcut first-keystroke="meta alt multiply" second-keystroke="1" />
    <keyboard-shortcut first-keystroke="meta alt multiply" second-keystroke="numpad1" />
    <keyboard-shortcut first-keystroke="meta alt 1" />
  </action>
  <action id="ExpandAllToLevel2">
    <keyboard-shortcut first-keystroke="meta alt multiply" second-keystroke="2" />
    <keyboard-shortcut first-keystroke="meta alt multiply" second-keystroke="numpad2" />
    <keyboard-shortcut first-keystroke="meta alt 2" />
  </action>
  <action id="ExpandAllToLevel3">
    <keyboard-shortcut first-keystroke="meta alt multiply" second-keystroke="3" />
    <keyboard-shortcut first-keystroke="meta alt multiply" second-keystroke="numpad3" />
    <keyboard-shortcut first-keystroke="meta alt 3" />
  </action>
  <action id="ExpandAllToLevel4">
    <keyboard-shortcut first-keystroke="meta alt multiply" second-keystroke="4" />
    <keyboard-shortcut first-keystroke="meta alt multiply" second-keystroke="numpad4" />
    <keyboard-shortcut first-keystroke="meta alt 4" />
  </action>
  <action id="ExpandAllToLevel5">
    <keyboard-shortcut first-keystroke="meta alt multiply" second-keystroke="5" />
    <keyboard-shortcut first-keystroke="meta alt multiply" second-keystroke="numpad5" />
    <keyboard-shortcut first-keystroke="meta alt 5" />
  </action>
  <action id="FileChooser.GotoModule" />
  <action id="FileChooser.GotoProject" />
  <action id="FileChooser.NewFolder" />
  <action id="FileChooser.TogglePathShowing" />
  <action id="FindNext" />
  <action id="Forward">
    <keyboard-shortcut first-keystroke="meta close_bracket" />
    <keyboard-shortcut first-keystroke="meta alt right" />
    <mouse-shortcut keystroke="button5" />
    <keyboard-shortcut first-keystroke="ctrl w" />
  </action>
  <action id="Generate" />
  <action id="Git.Fetch">
    <keyboard-shortcut first-keystroke="shift ctrl f" />
  </action>
  <action id="Git.Pull">
    <keyboard-shortcut first-keystroke="ctrl meta p" />
  </action>
  <action id="GotoDeclaration">
    <keyboard-shortcut first-keystroke="meta b" />
    <mouse-shortcut keystroke="meta button1" />
    <mouse-shortcut keystroke="Force touch" />
    <mouse-shortcut keystroke="button2" />
  </action>
  <action id="GotoLine" />
  <action id="GotoSymbol" />
  <action id="Gradle.ToggleOfflineAction">
    <keyboard-shortcut first-keystroke="meta g" />
  </action>
  <action id="Kotlin.NewFile">
    <keyboard-shortcut first-keystroke="meta n" />
  </action>
  <action id="MembersPullUp">
    <keyboard-shortcut first-keystroke="meta p" />
  </action>
  <action id="MinimizeCurrentWindow" />
  <action id="NewElement" />
  <action id="NextTab">
    <keyboard-shortcut first-keystroke="ctrl right" />
  </action>
  <action id="OptimizeImports">
    <keyboard-shortcut first-keystroke="ctrl alt o" />
    <keyboard-shortcut first-keystroke="meta alt o" />
  </action>
  <action id="ParameterInfo" />
  <action id="PreviousTab">
    <keyboard-shortcut first-keystroke="ctrl left" />
  </action>
  <action id="ShowIntentionActions">
    <keyboard-shortcut first-keystroke="alt enter" />
    <keyboard-shortcut first-keystroke="ctrl enter" />
  </action>
  <action id="SilentCodeCleanup">
    <keyboard-shortcut first-keystroke="ctrl c" />
  </action>
  <action id="SplitHorizontally">
    <keyboard-shortcut first-keystroke="alt h" />
  </action>
  <action id="SplitVertically">
    <keyboard-shortcut first-keystroke="alt s" />
  </action>
  <action id="Terminal.OpenInTerminal">
    <keyboard-shortcut first-keystroke="meta t" />
  </action>
  <action id="TogglePowerSave">
    <keyboard-shortcut first-keystroke="alt p" />
  </action>
  <action id="Vcs.Log.FocusTextFilter" />
  <action id="Vcs.UpdateProject" />
  <action id="android.deploy.ApplyChanges">
    <keyboard-shortcut first-keystroke="ctrl meta r" />
  </action>
  <action id="android.deploy.CodeSwap">
    <keyboard-shortcut first-keystroke="shift ctrl meta r" />
  </action>
  <action id="com.dengzii.plugin.adb.MainAction">
    <keyboard-shortcut first-keystroke="meta m" />
  </action>
  <action id="wu.seal.wu.seal.jsontokotlin.GenerateKotlinFileAction">
    <keyboard-shortcut first-keystroke="shift meta j" />
  </action>
</keymap>