<application>
  <component name="FileTypeManager" version="18">
    <ignoreFiles list="*.pyc;*.pyo;*.rbc;*.yarb;*Component.java;*IDagger*.java;*_Bind*.java;*_Factory.java;*_Provide*.java;*~;.DS_Store;.git;.hg;.svn;CVS;__pycache__;_svn;vssver.scc;vssver2.scc" />
    <extensionMap>
      <mapping pattern="sd" type="AUTO_DETECTED" />
      <mapping pattern="ResourcesExt.kt" type="AUTO_DETECTED" />
      <mapping pattern="CODEOWNERS" type="AUTO_DETECTED" />
      <mapping ext="gradle.kts" type="Kotlin" />
      <mapping ext="main.kts" type="Kotlin" />
      <mapping ext="keystore" type="PLAIN_TEXT" />
      <mapping ext="lockfile" type="PLAIN_TEXT" />
      <mapping ext="appflyer" type="Properties" />
      <removed_mapping ext="apk" approved="true" type="ARCHIVE" />
      <removed_mapping ext="md" approved="true" type="PLAIN_TEXT" />
      <removed_mapping ext="psd" approved="true" type="Image" />
    </extensionMap>
  </component>
</application>