<application>
  <component name="FindSettings">
    <option name="customScope" value="All Places" />
    <option name="defaultScopeName" value="All Places" />
    <option name="localWholeWordsOnly" value="true" />
    <option name="LOCAL_WHOLE_WORDS_ONLY" value="true" />
    <option name="SEARCH_SCOPE" value="All Places" />
    <mask>*.css</mask>
    <mask>*.html</mask>
    <mask>*.jsp</mask>
    <mask>*.properties</mask>
    <mask>*.java</mask>
    <mask>*ty.kt</mask>
    <mask>*Binder.kt</mask>
    <mask>*themes.xml</mask>
    <mask>fast*.kt</mask>
    <mask>*.gradle</mask>
    <mask>*Fragment.kt</mask>
    <mask>*View.kt</mask>
    <mask>*st.xml</mask>
    <mask>strings.xml</mask>
    <mask>values.xml</mask>
    <mask>*DTO.kt</mask>
    <mask>*.xml</mask>
    <mask>*Deeplink*</mask>
    <mask>*Module.kt</mask>
    <mask>*.kts</mask>
    <mask>*.lock</mask>
    <mask>*.lockfile</mask>
    <mask>af</mask>
    <mask>*.gradle*</mask>
    <mask>*.kt</mask>
    <mask>*Mapper.kt</mask>
  </component>
</application>