<application>
  <component name="GitRememberedInputs">
    <option name="visitedUrls">
      <list>
        <UrlAndUserName>
          <option name="url" value="git@bitbucket.org:ozonmobile/ozon.ru_android.git" />
          <option name="userName" value="" />
        </UrlAndUserName>
        <UrlAndUserName>
          <option name="url" value="http://gitlab.ozon.ru" />
          <option name="userName" value="evvorobey" />
        </UrlAndUserName>
        <UrlAndUserName>
          <option name="url" value="https://github.com/sockeqwe/AdapterDelegates.git" />
          <option name="userName" value="" />
        </UrlAndUserName>
        <UrlAndUserName>
          <option name="url" value="https://gitlab.ozon.ru/mobileapps/media-picker.git" />
          <option name="userName" value="" />
        </UrlAndUserName>
        <UrlAndUserName>
          <option name="url" value="https://github.com/stepango/FormaShowcase.git" />
          <option name="userName" value="" />
        </UrlAndUserName>
        <UrlAndUserName>
          <option name="url" value="https://github.com/tualdev/hms-hquic-demo.git" />
          <option name="userName" value="" />
        </UrlAndUserName>
        <UrlAndUserName>
          <option name="url" value="https://gitlab.ozon.ru/mobileapps/pikazon.git" />
          <option name="userName" value="" />
        </UrlAndUserName>
        <UrlAndUserName>
          <option name="url" value="https://gitlab.ozon.ru/mobileapps/ozon.ru_android.git" />
          <option name="userName" value="" />
        </UrlAndUserName>
      </list>
    </option>
    <option name="cloneParentDir" value="$USER_HOME$/AndroidApps" />
  </component>
  <component name="Vcs.Log.App.Settings">
    <option name="SHOW_CHANGES_FROM_PARENTS" value="true" />
    <option name="COLUMN_ID_ORDER">
      <list>
        <option value="Default.Root" />
        <option value="Default.Subject" />
        <option value="Default.Author" />
        <option value="Default.Date" />
      </list>
    </option>
  </component>
  <component name="VcsApplicationSettings">
    <option name="PATCH_STORAGE_LOCATION" value="$USER_HOME$/Downloads" />
  </component>
</application>